"Tecnica";"Tecnica";"InputDim";"OutputDim";"Features";"Epochs";"Batch";"F1";"Precisao";"Revocacao";"Acuracia";"Acuracia treinamento";"Acuracia validação";"Loss treinamento";"Loss validação";"Iteracao";"Texto"
"LSTM";"LSTM";5000;32;5000;3;16;87,2417982989064;92,2879177377892;82,7188940092166;86,8585732165207;90,4929577371511;87,0109546259162;25,4903030041051;34,4594835931893;1;"{\"class_name\": \"Sequential\", \"config\": [{\"class_name\": \"Embedding\", \"config\": {\"name\": \"embedding_1\", \"trainable\": true, \"batch_input_shape\": [null, null], \"dtype\": \"float32\", \"input_dim\": 5000, \"output_dim\": 32, \"embeddings_initializer\": {\"class_name\": \"RandomUniform\", \"config\": {\"minval\": -0,05, \"maxval\": 0,05, \"seed\": null}}, \"embeddings_regularizer\": null, \"activity_regularizer\": null, \"embeddings_constraint\": null, \"mask_zero\": false, \"input_length\": null}}, {\"class_name\": \"LSTM\", \"config\": {\"name\": \"lstm_1\", \"trainable\": true, \"return_sequences\": false, \"return_state\": false, \"go_backwards\": false, \"stateful\": false, \"unroll\": false, \"units\": 32, \"activation\": \"tanh\", \"recurrent_activation\": \"hard_sigmoid\", \"use_bias\": true, \"kernel_initializer\": {\"class_name\": \"VarianceScaling\", \"config\": {\"scale\": 1,0, \"mode\": \"fan_avg\", \"distribution\": \"uniform\", \"seed\": null}}, \"recurrent_initializer\": {\"class_name\": \"Orthogonal\", \"config\": {\"gain\": 1,0, \"seed\": null}}, \"bias_initializer\": {\"class_name\": \"Zeros\", \"config\": {}}, \"unit_forget_bias\": true, \"kernel_regularizer\": null, \"recurrent_regularizer\": null, \"bias_regularizer\": null, \"activity_regularizer\": null, \"kernel_constraint\": null, \"recurrent_constraint\": null, \"bias_constraint\": null, \"dropout\": 0,0, \"recurrent_dropout\": 0,0, \"implementation\": 1}}, {\"class_name\": \"Dense\", \"config\": {\"name\": \"dense_1\", \"trainable\": true, \"units\": 16, \"activation\": \"relu\", \"use_bias\": true, \"kernel_initializer\": {\"class_name\": \"VarianceScaling\", \"config\": {\"scale\": 1,0, \"mode\": \"fan_avg\", \"distribution\": \"uniform\", \"seed\": null}}, \"bias_initializer\": {\"class_name\": \"Zeros\", \"config\": {}}, \"kernel_regularizer\": null, \"bias_regularizer\": null, \"activity_regularizer\": null, \"kernel_constraint\": null, \"bias_constraint\": null}}, {\"class_name\": \"Dense\", \"config\": {\"name\": \"dense_2\", \"trainable\": true, \"units\": 16, \"activation\": \"relu\", \"use_bias\": true, \"kernel_initializer\": {\"class_name\": \"VarianceScaling\", \"config\": {\"scale\": 1,0, \"mode\": \"fan_avg\", \"distribution\": \"uniform\", \"seed\": null}}, \"bias_initializer\": {\"class_name\": \"Zeros\", \"config\": {}}, \"kernel_regularizer\": null, \"bias_regularizer\": null, \"activity_regularizer\": null, \"kernel_constraint\": null, \"bias_constraint\": null}}, {\"class_name\": \"Dense\", \"config\": {\"name\": \"dense_3\", \"trainable\": true, \"units\": 1, \"activation\": \"sigmoid\", \"use_bias\": true, \"kernel_initializer\": {\"class_name\": \"VarianceScaling\", \"config\": {\"scale\": 1,0, \"mode\": \"fan_avg\", \"distribution\": \"uniform\", \"seed\": null}}, \"bias_initializer\": {\"class_name\": \"Zeros\", \"config\": {}}, \"kernel_regularizer\": null, \"bias_regularizer\": null, \"activity_regularizer\": null, \"kernel_constraint\": null, \"bias_constraint\": null}}], \"keras_version\": \"2,1,5\", \"backend\": \"tensorflow\"}"
"LSTM";"LSTM";5000;32;5000;3;16;86,6595517609392;80,7157057654075;93,5483870967742;84,3554443053817;93,9749608856971;83,5680751266987;16,2877392519341;39,9715589572193;2;"{\"class_name\": \"Sequential\", \"config\": [{\"class_name\": \"Embedding\", \"config\": {\"name\": \"embedding_1\", \"trainable\": true, \"batch_input_shape\": [null, null], \"dtype\": \"float32\", \"input_dim\": 5000, \"output_dim\": 32, \"embeddings_initializer\": {\"class_name\": \"RandomUniform\", \"config\": {\"minval\": -0,05, \"maxval\": 0,05, \"seed\": null}}, \"embeddings_regularizer\": null, \"activity_regularizer\": null, \"embeddings_constraint\": null, \"mask_zero\": false, \"input_length\": null}}, {\"class_name\": \"LSTM\", \"config\": {\"name\": \"lstm_1\", \"trainable\": true, \"return_sequences\": false, \"return_state\": false, \"go_backwards\": false, \"stateful\": false, \"unroll\": false, \"units\": 32, \"activation\": \"tanh\", \"recurrent_activation\": \"hard_sigmoid\", \"use_bias\": true, \"kernel_initializer\": {\"class_name\": \"VarianceScaling\", \"config\": {\"scale\": 1,0, \"mode\": \"fan_avg\", \"distribution\": \"uniform\", \"seed\": null}}, \"recurrent_initializer\": {\"class_name\": \"Orthogonal\", \"config\": {\"gain\": 1,0, \"seed\": null}}, \"bias_initializer\": {\"class_name\": \"Zeros\", \"config\": {}}, \"unit_forget_bias\": true, \"kernel_regularizer\": null, \"recurrent_regularizer\": null, \"bias_regularizer\": null, \"activity_regularizer\": null, \"kernel_constraint\": null, \"recurrent_constraint\": null, \"bias_constraint\": null, \"dropout\": 0,0, \"recurrent_dropout\": 0,0, \"implementation\": 1}}, {\"class_name\": \"Dense\", \"config\": {\"name\": \"dense_1\", \"trainable\": true, \"units\": 16, \"activation\": \"relu\", \"use_bias\": true, \"kernel_initializer\": {\"class_name\": \"VarianceScaling\", \"config\": {\"scale\": 1,0, \"mode\": \"fan_avg\", \"distribution\": \"uniform\", \"seed\": null}}, \"bias_initializer\": {\"class_name\": \"Zeros\", \"config\": {}}, \"kernel_regularizer\": null, \"bias_regularizer\": null, \"activity_regularizer\": null, \"kernel_constraint\": null, \"bias_constraint\": null}}, {\"class_name\": \"Dense\", \"config\": {\"name\": \"dense_2\", \"trainable\": true, \"units\": 16, \"activation\": \"relu\", \"use_bias\": true, \"kernel_initializer\": {\"class_name\": \"VarianceScaling\", \"config\": {\"scale\": 1,0, \"mode\": \"fan_avg\", \"distribution\": \"uniform\", \"seed\": null}}, \"bias_initializer\": {\"class_name\": \"Zeros\", \"config\": {}}, \"kernel_regularizer\": null, \"bias_regularizer\": null, \"activity_regularizer\": null, \"kernel_constraint\": null, \"bias_constraint\": null}}, {\"class_name\": \"Dense\", \"config\": {\"name\": \"dense_3\", \"trainable\": true, \"units\": 1, \"activation\": \"sigmoid\", \"use_bias\": true, \"kernel_initializer\": {\"class_name\": \"VarianceScaling\", \"config\": {\"scale\": 1,0, \"mode\": \"fan_avg\", \"distribution\": \"uniform\", \"seed\": null}}, \"bias_initializer\": {\"class_name\": \"Zeros\", \"config\": {}}, \"kernel_regularizer\": null, \"bias_regularizer\": null, \"activity_regularizer\": null, \"kernel_constraint\": null, \"bias_constraint\": null}}], \"keras_version\": \"2,1,5\", \"backend\": \"tensorflow\"}"
"LSTM";"LSTM";5000;32;5000;3;16;84,9889624724062;81,5677966101695;88,7096774193548;82,9787234042553;95,9702660406886;83,0985915586236;11,4498460596844;51,4086564918266;3;"{\"class_name\": \"Sequential\", \"config\": [{\"class_name\": \"Embedding\", \"config\": {\"name\": \"embedding_1\", \"trainable\": true, \"batch_input_shape\": [null, null], \"dtype\": \"float32\", \"input_dim\": 5000, \"output_dim\": 32, \"embeddings_initializer\": {\"class_name\": \"RandomUniform\", \"config\": {\"minval\": -0,05, \"maxval\": 0,05, \"seed\": null}}, \"embeddings_regularizer\": null, \"activity_regularizer\": null, \"embeddings_constraint\": null, \"mask_zero\": false, \"input_length\": null}}, {\"class_name\": \"LSTM\", \"config\": {\"name\": \"lstm_1\", \"trainable\": true, \"return_sequences\": false, \"return_state\": false, \"go_backwards\": false, \"stateful\": false, \"unroll\": false, \"units\": 32, \"activation\": \"tanh\", \"recurrent_activation\": \"hard_sigmoid\", \"use_bias\": true, \"kernel_initializer\": {\"class_name\": \"VarianceScaling\", \"config\": {\"scale\": 1,0, \"mode\": \"fan_avg\", \"distribution\": \"uniform\", \"seed\": null}}, \"recurrent_initializer\": {\"class_name\": \"Orthogonal\", \"config\": {\"gain\": 1,0, \"seed\": null}}, \"bias_initializer\": {\"class_name\": \"Zeros\", \"config\": {}}, \"unit_forget_bias\": true, \"kernel_regularizer\": null, \"recurrent_regularizer\": null, \"bias_regularizer\": null, \"activity_regularizer\": null, \"kernel_constraint\": null, \"recurrent_constraint\": null, \"bias_constraint\": null, \"dropout\": 0,0, \"recurrent_dropout\": 0,0, \"implementation\": 1}}, {\"class_name\": \"Dense\", \"config\": {\"name\": \"dense_1\", \"trainable\": true, \"units\": 16, \"activation\": \"relu\", \"use_bias\": true, \"kernel_initializer\": {\"class_name\": \"VarianceScaling\", \"config\": {\"scale\": 1,0, \"mode\": \"fan_avg\", \"distribution\": \"uniform\", \"seed\": null}}, \"bias_initializer\": {\"class_name\": \"Zeros\", \"config\": {}}, \"kernel_regularizer\": null, \"bias_regularizer\": null, \"activity_regularizer\": null, \"kernel_constraint\": null, \"bias_constraint\": null}}, {\"class_name\": \"Dense\", \"config\": {\"name\": \"dense_2\", \"trainable\": true, \"units\": 16, \"activation\": \"relu\", \"use_bias\": true, \"kernel_initializer\": {\"class_name\": \"VarianceScaling\", \"config\": {\"scale\": 1,0, \"mode\": \"fan_avg\", \"distribution\": \"uniform\", \"seed\": null}}, \"bias_initializer\": {\"class_name\": \"Zeros\", \"config\": {}}, \"kernel_regularizer\": null, \"bias_regularizer\": null, \"activity_regularizer\": null, \"kernel_constraint\": null, \"bias_constraint\": null}}, {\"class_name\": \"Dense\", \"config\": {\"name\": \"dense_3\", \"trainable\": true, \"units\": 1, \"activation\": \"sigmoid\", \"use_bias\": true, \"kernel_initializer\": {\"class_name\": \"VarianceScaling\", \"config\": {\"scale\": 1,0, \"mode\": \"fan_avg\", \"distribution\": \"uniform\", \"seed\": null}}, \"bias_initializer\": {\"class_name\": \"Zeros\", \"config\": {}}, \"kernel_regularizer\": null, \"bias_regularizer\": null, \"activity_regularizer\": null, \"kernel_constraint\": null, \"bias_constraint\": null}}], \"keras_version\": \"2,1,5\", \"backend\": \"tensorflow\"}"
"LSTM";"LSTM";5000;32;5000;3;32;83,6403033586132;78,9366053169734;88,9400921658986;81,1013767209011;97,1830986102049;82,785602522568;7,61837465499115;57,23689719918;1;"{\"class_name\": \"Sequential\", \"config\": [{\"class_name\": \"Embedding\", \"config\": {\"name\": \"embedding_1\", \"trainable\": true, \"batch_input_shape\": [null, null], \"dtype\": \"float32\", \"input_dim\": 5000, \"output_dim\": 32, \"embeddings_initializer\": {\"class_name\": \"RandomUniform\", \"config\": {\"minval\": -0,05, \"maxval\": 0,05, \"seed\": null}}, \"embeddings_regularizer\": null, \"activity_regularizer\": null, \"embeddings_constraint\": null, \"mask_zero\": false, \"input_length\": null}}, {\"class_name\": \"LSTM\", \"config\": {\"name\": \"lstm_1\", \"trainable\": true, \"return_sequences\": false, \"return_state\": false, \"go_backwards\": false, \"stateful\": false, \"unroll\": false, \"units\": 32, \"activation\": \"tanh\", \"recurrent_activation\": \"hard_sigmoid\", \"use_bias\": true, \"kernel_initializer\": {\"class_name\": \"VarianceScaling\", \"config\": {\"scale\": 1,0, \"mode\": \"fan_avg\", \"distribution\": \"uniform\", \"seed\": null}}, \"recurrent_initializer\": {\"class_name\": \"Orthogonal\", \"config\": {\"gain\": 1,0, \"seed\": null}}, \"bias_initializer\": {\"class_name\": \"Zeros\", \"config\": {}}, \"unit_forget_bias\": true, \"kernel_regularizer\": null, \"recurrent_regularizer\": null, \"bias_regularizer\": null, \"activity_regularizer\": null, \"kernel_constraint\": null, \"recurrent_constraint\": null, \"bias_constraint\": null, \"dropout\": 0,0, \"recurrent_dropout\": 0,0, \"implementation\": 1}}, {\"class_name\": \"Dense\", \"config\": {\"name\": \"dense_1\", \"trainable\": true, \"units\": 16, \"activation\": \"relu\", \"use_bias\": true, \"kernel_initializer\": {\"class_name\": \"VarianceScaling\", \"config\": {\"scale\": 1,0, \"mode\": \"fan_avg\", \"distribution\": \"uniform\", \"seed\": null}}, \"bias_initializer\": {\"class_name\": \"Zeros\", \"config\": {}}, \"kernel_regularizer\": null, \"bias_regularizer\": null, \"activity_regularizer\": null, \"kernel_constraint\": null, \"bias_constraint\": null}}, {\"class_name\": \"Dense\", \"config\": {\"name\": \"dense_2\", \"trainable\": true, \"units\": 16, \"activation\": \"relu\", \"use_bias\": true, \"kernel_initializer\": {\"class_name\": \"VarianceScaling\", \"config\": {\"scale\": 1,0, \"mode\": \"fan_avg\", \"distribution\": \"uniform\", \"seed\": null}}, \"bias_initializer\": {\"class_name\": \"Zeros\", \"config\": {}}, \"kernel_regularizer\": null, \"bias_regularizer\": null, \"activity_regularizer\": null, \"kernel_constraint\": null, \"bias_constraint\": null}}, {\"class_name\": \"Dense\", \"config\": {\"name\": \"dense_3\", \"trainable\": true, \"units\": 1, \"activation\": \"sigmoid\", \"use_bias\": true, \"kernel_initializer\": {\"class_name\": \"VarianceScaling\", \"config\": {\"scale\": 1,0, \"mode\": \"fan_avg\", \"distribution\": \"uniform\", \"seed\": null}}, \"bias_initializer\": {\"class_name\": \"Zeros\", \"config\": {}}, \"kernel_regularizer\": null, \"bias_regularizer\": null, \"activity_regularizer\": null, \"kernel_constraint\": null, \"bias_constraint\": null}}], \"keras_version\": \"2,1,5\", \"backend\": \"tensorflow\"}"
"LSTM";"LSTM";5000;32;5000;3;32;82,5221238938053;79,3617021276596;85,9447004608295;80,2252816020025;97,7699530702988;81,5336462011173;5,58349134346561;74,4992903887013;2;"{\"class_name\": \"Sequential\", \"config\": [{\"class_name\": \"Embedding\", \"config\": {\"name\": \"embedding_1\", \"trainable\": true, \"batch_input_shape\": [null, null], \"dtype\": \"float32\", \"input_dim\": 5000, \"output_dim\": 32, \"embeddings_initializer\": {\"class_name\": \"RandomUniform\", \"config\": {\"minval\": -0,05, \"maxval\": 0,05, \"seed\": null}}, \"embeddings_regularizer\": null, \"activity_regularizer\": null, \"embeddings_constraint\": null, \"mask_zero\": false, \"input_length\": null}}, {\"class_name\": \"LSTM\", \"config\": {\"name\": \"lstm_1\", \"trainable\": true, \"return_sequences\": false, \"return_state\": false, \"go_backwards\": false, \"stateful\": false, \"unroll\": false, \"units\": 32, \"activation\": \"tanh\", \"recurrent_activation\": \"hard_sigmoid\", \"use_bias\": true, \"kernel_initializer\": {\"class_name\": \"VarianceScaling\", \"config\": {\"scale\": 1,0, \"mode\": \"fan_avg\", \"distribution\": \"uniform\", \"seed\": null}}, \"recurrent_initializer\": {\"class_name\": \"Orthogonal\", \"config\": {\"gain\": 1,0, \"seed\": null}}, \"bias_initializer\": {\"class_name\": \"Zeros\", \"config\": {}}, \"unit_forget_bias\": true, \"kernel_regularizer\": null, \"recurrent_regularizer\": null, \"bias_regularizer\": null, \"activity_regularizer\": null, \"kernel_constraint\": null, \"recurrent_constraint\": null, \"bias_constraint\": null, \"dropout\": 0,0, \"recurrent_dropout\": 0,0, \"implementation\": 1}}, {\"class_name\": \"Dense\", \"config\": {\"name\": \"dense_1\", \"trainable\": true, \"units\": 16, \"activation\": \"relu\", \"use_bias\": true, \"kernel_initializer\": {\"class_name\": \"VarianceScaling\", \"config\": {\"scale\": 1,0, \"mode\": \"fan_avg\", \"distribution\": \"uniform\", \"seed\": null}}, \"bias_initializer\": {\"class_name\": \"Zeros\", \"config\": {}}, \"kernel_regularizer\": null, \"bias_regularizer\": null, \"activity_regularizer\": null, \"kernel_constraint\": null, \"bias_constraint\": null}}, {\"class_name\": \"Dense\", \"config\": {\"name\": \"dense_2\", \"trainable\": true, \"units\": 16, \"activation\": \"relu\", \"use_bias\": true, \"kernel_initializer\": {\"class_name\": \"VarianceScaling\", \"config\": {\"scale\": 1,0, \"mode\": \"fan_avg\", \"distribution\": \"uniform\", \"seed\": null}}, \"bias_initializer\": {\"class_name\": \"Zeros\", \"config\": {}}, \"kernel_regularizer\": null, \"bias_regularizer\": null, \"activity_regularizer\": null, \"kernel_constraint\": null, \"bias_constraint\": null}}, {\"class_name\": \"Dense\", \"config\": {\"name\": \"dense_3\", \"trainable\": true, \"units\": 1, \"activation\": \"sigmoid\", \"use_bias\": true, \"kernel_initializer\": {\"class_name\": \"VarianceScaling\", \"config\": {\"scale\": 1,0, \"mode\": \"fan_avg\", \"distribution\": \"uniform\", \"seed\": null}}, \"bias_initializer\": {\"class_name\": \"Zeros\", \"config\": {}}, \"kernel_regularizer\": null, \"bias_regularizer\": null, \"activity_regularizer\": null, \"kernel_constraint\": null, \"bias_constraint\": null}}], \"keras_version\": \"2,1,5\", \"backend\": \"tensorflow\"}"
"LSTM";"LSTM";5000;32;5000;3;32;82,3920265780731;79,317697228145;85,7142857142857;80,1001251564456;98,7089201877934;80,9076682595953;3,60030098366427;99,377161805432;3;"{\"class_name\": \"Sequential\", \"config\": [{\"class_name\": \"Embedding\", \"config\": {\"name\": \"embedding_1\", \"trainable\": true, \"batch_input_shape\": [null, null], \"dtype\": \"float32\", \"input_dim\": 5000, \"output_dim\": 32, \"embeddings_initializer\": {\"class_name\": \"RandomUniform\", \"config\": {\"minval\": -0,05, \"maxval\": 0,05, \"seed\": null}}, \"embeddings_regularizer\": null, \"activity_regularizer\": null, \"embeddings_constraint\": null, \"mask_zero\": false, \"input_length\": null}}, {\"class_name\": \"LSTM\", \"config\": {\"name\": \"lstm_1\", \"trainable\": true, \"return_sequences\": false, \"return_state\": false, \"go_backwards\": false, \"stateful\": false, \"unroll\": false, \"units\": 32, \"activation\": \"tanh\", \"recurrent_activation\": \"hard_sigmoid\", \"use_bias\": true, \"kernel_initializer\": {\"class_name\": \"VarianceScaling\", \"config\": {\"scale\": 1,0, \"mode\": \"fan_avg\", \"distribution\": \"uniform\", \"seed\": null}}, \"recurrent_initializer\": {\"class_name\": \"Orthogonal\", \"config\": {\"gain\": 1,0, \"seed\": null}}, \"bias_initializer\": {\"class_name\": \"Zeros\", \"config\": {}}, \"unit_forget_bias\": true, \"kernel_regularizer\": null, \"recurrent_regularizer\": null, \"bias_regularizer\": null, \"activity_regularizer\": null, \"kernel_constraint\": null, \"recurrent_constraint\": null, \"bias_constraint\": null, \"dropout\": 0,0, \"recurrent_dropout\": 0,0, \"implementation\": 1}}, {\"class_name\": \"Dense\", \"config\": {\"name\": \"dense_1\", \"trainable\": true, \"units\": 16, \"activation\": \"relu\", \"use_bias\": true, \"kernel_initializer\": {\"class_name\": \"VarianceScaling\", \"config\": {\"scale\": 1,0, \"mode\": \"fan_avg\", \"distribution\": \"uniform\", \"seed\": null}}, \"bias_initializer\": {\"class_name\": \"Zeros\", \"config\": {}}, \"kernel_regularizer\": null, \"bias_regularizer\": null, \"activity_regularizer\": null, \"kernel_constraint\": null, \"bias_constraint\": null}}, {\"class_name\": \"Dense\", \"config\": {\"name\": \"dense_2\", \"trainable\": true, \"units\": 16, \"activation\": \"relu\", \"use_bias\": true, \"kernel_initializer\": {\"class_name\": \"VarianceScaling\", \"config\": {\"scale\": 1,0, \"mode\": \"fan_avg\", \"distribution\": \"uniform\", \"seed\": null}}, \"bias_initializer\": {\"class_name\": \"Zeros\", \"config\": {}}, \"kernel_regularizer\": null, \"bias_regularizer\": null, \"activity_regularizer\": null, \"kernel_constraint\": null, \"bias_constraint\": null}}, {\"class_name\": \"Dense\", \"config\": {\"name\": \"dense_3\", \"trainable\": true, \"units\": 1, \"activation\": \"sigmoid\", \"use_bias\": true, \"kernel_initializer\": {\"class_name\": \"VarianceScaling\", \"config\": {\"scale\": 1,0, \"mode\": \"fan_avg\", \"distribution\": \"uniform\", \"seed\": null}}, \"bias_initializer\": {\"class_name\": \"Zeros\", \"config\": {}}, \"kernel_regularizer\": null, \"bias_regularizer\": null, \"activity_regularizer\": null, \"kernel_constraint\": null, \"bias_constraint\": null}}], \"keras_version\": \"2,1,5\", \"backend\": \"tensorflow\"}"
"LSTM";"LSTM";5000;32;5000;3;64;81,3793103448276;81,1926605504587;81,5668202764977;79,7246558197747;99,2566510545256;81,0641628569094;2,34662995138825;131,64026267092;1;"{\"class_name\": \"Sequential\", \"config\": [{\"class_name\": \"Embedding\", \"config\": {\"name\": \"embedding_1\", \"trainable\": true, \"batch_input_shape\": [null, null], \"dtype\": \"float32\", \"input_dim\": 5000, \"output_dim\": 32, \"embeddings_initializer\": {\"class_name\": \"RandomUniform\", \"config\": {\"minval\": -0,05, \"maxval\": 0,05, \"seed\": null}}, \"embeddings_regularizer\": null, \"activity_regularizer\": null, \"embeddings_constraint\": null, \"mask_zero\": false, \"input_length\": null}}, {\"class_name\": \"LSTM\", \"config\": {\"name\": \"lstm_1\", \"trainable\": true, \"return_sequences\": false, \"return_state\": false, \"go_backwards\": false, \"stateful\": false, \"unroll\": false, \"units\": 32, \"activation\": \"tanh\", \"recurrent_activation\": \"hard_sigmoid\", \"use_bias\": true, \"kernel_initializer\": {\"class_name\": \"VarianceScaling\", \"config\": {\"scale\": 1,0, \"mode\": \"fan_avg\", \"distribution\": \"uniform\", \"seed\": null}}, \"recurrent_initializer\": {\"class_name\": \"Orthogonal\", \"config\": {\"gain\": 1,0, \"seed\": null}}, \"bias_initializer\": {\"class_name\": \"Zeros\", \"config\": {}}, \"unit_forget_bias\": true, \"kernel_regularizer\": null, \"recurrent_regularizer\": null, \"bias_regularizer\": null, \"activity_regularizer\": null, \"kernel_constraint\": null, \"recurrent_constraint\": null, \"bias_constraint\": null, \"dropout\": 0,0, \"recurrent_dropout\": 0,0, \"implementation\": 1}}, {\"class_name\": \"Dense\", \"config\": {\"name\": \"dense_1\", \"trainable\": true, \"units\": 16, \"activation\": \"relu\", \"use_bias\": true, \"kernel_initializer\": {\"class_name\": \"VarianceScaling\", \"config\": {\"scale\": 1,0, \"mode\": \"fan_avg\", \"distribution\": \"uniform\", \"seed\": null}}, \"bias_initializer\": {\"class_name\": \"Zeros\", \"config\": {}}, \"kernel_regularizer\": null, \"bias_regularizer\": null, \"activity_regularizer\": null, \"kernel_constraint\": null, \"bias_constraint\": null}}, {\"class_name\": \"Dense\", \"config\": {\"name\": \"dense_2\", \"trainable\": true, \"units\": 16, \"activation\": \"relu\", \"use_bias\": true, \"kernel_initializer\": {\"class_name\": \"VarianceScaling\", \"config\": {\"scale\": 1,0, \"mode\": \"fan_avg\", \"distribution\": \"uniform\", \"seed\": null}}, \"bias_initializer\": {\"class_name\": \"Zeros\", \"config\": {}}, \"kernel_regularizer\": null, \"bias_regularizer\": null, \"activity_regularizer\": null, \"kernel_constraint\": null, \"bias_constraint\": null}}, {\"class_name\": \"Dense\", \"config\": {\"name\": \"dense_3\", \"trainable\": true, \"units\": 1, \"activation\": \"sigmoid\", \"use_bias\": true, \"kernel_initializer\": {\"class_name\": \"VarianceScaling\", \"config\": {\"scale\": 1,0, \"mode\": \"fan_avg\", \"distribution\": \"uniform\", \"seed\": null}}, \"bias_initializer\": {\"class_name\": \"Zeros\", \"config\": {}}, \"kernel_regularizer\": null, \"bias_regularizer\": null, \"activity_regularizer\": null, \"kernel_constraint\": null, \"bias_constraint\": null}}], \"keras_version\": \"2,1,5\", \"backend\": \"tensorflow\"}"
"LSTM";"LSTM";5000;32;5000;3;64;80,1762114537445;76,7932489451477;83,8709677419355;77,4718397997497;99,4913928385632;80,7511738021982;1,90223359061239;117,223386007109;2;"{\"class_name\": \"Sequential\", \"config\": [{\"class_name\": \"Embedding\", \"config\": {\"name\": \"embedding_1\", \"trainable\": true, \"batch_input_shape\": [null, null], \"dtype\": \"float32\", \"input_dim\": 5000, \"output_dim\": 32, \"embeddings_initializer\": {\"class_name\": \"RandomUniform\", \"config\": {\"minval\": -0,05, \"maxval\": 0,05, \"seed\": null}}, \"embeddings_regularizer\": null, \"activity_regularizer\": null, \"embeddings_constraint\": null, \"mask_zero\": false, \"input_length\": null}}, {\"class_name\": \"LSTM\", \"config\": {\"name\": \"lstm_1\", \"trainable\": true, \"return_sequences\": false, \"return_state\": false, \"go_backwards\": false, \"stateful\": false, \"unroll\": false, \"units\": 32, \"activation\": \"tanh\", \"recurrent_activation\": \"hard_sigmoid\", \"use_bias\": true, \"kernel_initializer\": {\"class_name\": \"VarianceScaling\", \"config\": {\"scale\": 1,0, \"mode\": \"fan_avg\", \"distribution\": \"uniform\", \"seed\": null}}, \"recurrent_initializer\": {\"class_name\": \"Orthogonal\", \"config\": {\"gain\": 1,0, \"seed\": null}}, \"bias_initializer\": {\"class_name\": \"Zeros\", \"config\": {}}, \"unit_forget_bias\": true, \"kernel_regularizer\": null, \"recurrent_regularizer\": null, \"bias_regularizer\": null, \"activity_regularizer\": null, \"kernel_constraint\": null, \"recurrent_constraint\": null, \"bias_constraint\": null, \"dropout\": 0,0, \"recurrent_dropout\": 0,0, \"implementation\": 1}}, {\"class_name\": \"Dense\", \"config\": {\"name\": \"dense_1\", \"trainable\": true, \"units\": 16, \"activation\": \"relu\", \"use_bias\": true, \"kernel_initializer\": {\"class_name\": \"VarianceScaling\", \"config\": {\"scale\": 1,0, \"mode\": \"fan_avg\", \"distribution\": \"uniform\", \"seed\": null}}, \"bias_initializer\": {\"class_name\": \"Zeros\", \"config\": {}}, \"kernel_regularizer\": null, \"bias_regularizer\": null, \"activity_regularizer\": null, \"kernel_constraint\": null, \"bias_constraint\": null}}, {\"class_name\": \"Dense\", \"config\": {\"name\": \"dense_2\", \"trainable\": true, \"units\": 16, \"activation\": \"relu\", \"use_bias\": true, \"kernel_initializer\": {\"class_name\": \"VarianceScaling\", \"config\": {\"scale\": 1,0, \"mode\": \"fan_avg\", \"distribution\": \"uniform\", \"seed\": null}}, \"bias_initializer\": {\"class_name\": \"Zeros\", \"config\": {}}, \"kernel_regularizer\": null, \"bias_regularizer\": null, \"activity_regularizer\": null, \"kernel_constraint\": null, \"bias_constraint\": null}}, {\"class_name\": \"Dense\", \"config\": {\"name\": \"dense_3\", \"trainable\": true, \"units\": 1, \"activation\": \"sigmoid\", \"use_bias\": true, \"kernel_initializer\": {\"class_name\": \"VarianceScaling\", \"config\": {\"scale\": 1,0, \"mode\": \"fan_avg\", \"distribution\": \"uniform\", \"seed\": null}}, \"bias_initializer\": {\"class_name\": \"Zeros\", \"config\": {}}, \"kernel_regularizer\": null, \"bias_regularizer\": null, \"activity_regularizer\": null, \"kernel_constraint\": null, \"bias_constraint\": null}}], \"keras_version\": \"2,1,5\", \"backend\": \"tensorflow\"}"
"LSTM";"LSTM";5000;32;5000;3;64;81,4982973893303;80,3131991051454;82,7188940092166;79,5994993742178;99,6478873239437;80,5946792981621;1,3105086444262;138,178309420465;3;"{\"class_name\": \"Sequential\", \"config\": [{\"class_name\": \"Embedding\", \"config\": {\"name\": \"embedding_1\", \"trainable\": true, \"batch_input_shape\": [null, null], \"dtype\": \"float32\", \"input_dim\": 5000, \"output_dim\": 32, \"embeddings_initializer\": {\"class_name\": \"RandomUniform\", \"config\": {\"minval\": -0,05, \"maxval\": 0,05, \"seed\": null}}, \"embeddings_regularizer\": null, \"activity_regularizer\": null, \"embeddings_constraint\": null, \"mask_zero\": false, \"input_length\": null}}, {\"class_name\": \"LSTM\", \"config\": {\"name\": \"lstm_1\", \"trainable\": true, \"return_sequences\": false, \"return_state\": false, \"go_backwards\": false, \"stateful\": false, \"unroll\": false, \"units\": 32, \"activation\": \"tanh\", \"recurrent_activation\": \"hard_sigmoid\", \"use_bias\": true, \"kernel_initializer\": {\"class_name\": \"VarianceScaling\", \"config\": {\"scale\": 1,0, \"mode\": \"fan_avg\", \"distribution\": \"uniform\", \"seed\": null}}, \"recurrent_initializer\": {\"class_name\": \"Orthogonal\", \"config\": {\"gain\": 1,0, \"seed\": null}}, \"bias_initializer\": {\"class_name\": \"Zeros\", \"config\": {}}, \"unit_forget_bias\": true, \"kernel_regularizer\": null, \"recurrent_regularizer\": null, \"bias_regularizer\": null, \"activity_regularizer\": null, \"kernel_constraint\": null, \"recurrent_constraint\": null, \"bias_constraint\": null, \"dropout\": 0,0, \"recurrent_dropout\": 0,0, \"implementation\": 1}}, {\"class_name\": \"Dense\", \"config\": {\"name\": \"dense_1\", \"trainable\": true, \"units\": 16, \"activation\": \"relu\", \"use_bias\": true, \"kernel_initializer\": {\"class_name\": \"VarianceScaling\", \"config\": {\"scale\": 1,0, \"mode\": \"fan_avg\", \"distribution\": \"uniform\", \"seed\": null}}, \"bias_initializer\": {\"class_name\": \"Zeros\", \"config\": {}}, \"kernel_regularizer\": null, \"bias_regularizer\": null, \"activity_regularizer\": null, \"kernel_constraint\": null, \"bias_constraint\": null}}, {\"class_name\": \"Dense\", \"config\": {\"name\": \"dense_2\", \"trainable\": true, \"units\": 16, \"activation\": \"relu\", \"use_bias\": true, \"kernel_initializer\": {\"class_name\": \"VarianceScaling\", \"config\": {\"scale\": 1,0, \"mode\": \"fan_avg\", \"distribution\": \"uniform\", \"seed\": null}}, \"bias_initializer\": {\"class_name\": \"Zeros\", \"config\": {}}, \"kernel_regularizer\": null, \"bias_regularizer\": null, \"activity_regularizer\": null, \"kernel_constraint\": null, \"bias_constraint\": null}}, {\"class_name\": \"Dense\", \"config\": {\"name\": \"dense_3\", \"trainable\": true, \"units\": 1, \"activation\": \"sigmoid\", \"use_bias\": true, \"kernel_initializer\": {\"class_name\": \"VarianceScaling\", \"config\": {\"scale\": 1,0, \"mode\": \"fan_avg\", \"distribution\": \"uniform\", \"seed\": null}}, \"bias_initializer\": {\"class_name\": \"Zeros\", \"config\": {}}, \"kernel_regularizer\": null, \"bias_regularizer\": null, \"activity_regularizer\": null, \"kernel_constraint\": null, \"bias_constraint\": null}}], \"keras_version\": \"2,1,5\", \"backend\": \"tensorflow\"}"
"LSTM";"LSTM";5000;32;5000;5;16;81,1724915445321;79,4701986754967;82,9493087557604;79,09887359199;99,5696400625978;81,2206572863231;1,3447422472239;149,722998343257;1;"{\"class_name\": \"Sequential\", \"config\": [{\"class_name\": \"Embedding\", \"config\": {\"name\": \"embedding_1\", \"trainable\": true, \"batch_input_shape\": [null, null], \"dtype\": \"float32\", \"input_dim\": 5000, \"output_dim\": 32, \"embeddings_initializer\": {\"class_name\": \"RandomUniform\", \"config\": {\"minval\": -0,05, \"maxval\": 0,05, \"seed\": null}}, \"embeddings_regularizer\": null, \"activity_regularizer\": null, \"embeddings_constraint\": null, \"mask_zero\": false, \"input_length\": null}}, {\"class_name\": \"LSTM\", \"config\": {\"name\": \"lstm_1\", \"trainable\": true, \"return_sequences\": false, \"return_state\": false, \"go_backwards\": false, \"stateful\": false, \"unroll\": false, \"units\": 32, \"activation\": \"tanh\", \"recurrent_activation\": \"hard_sigmoid\", \"use_bias\": true, \"kernel_initializer\": {\"class_name\": \"VarianceScaling\", \"config\": {\"scale\": 1,0, \"mode\": \"fan_avg\", \"distribution\": \"uniform\", \"seed\": null}}, \"recurrent_initializer\": {\"class_name\": \"Orthogonal\", \"config\": {\"gain\": 1,0, \"seed\": null}}, \"bias_initializer\": {\"class_name\": \"Zeros\", \"config\": {}}, \"unit_forget_bias\": true, \"kernel_regularizer\": null, \"recurrent_regularizer\": null, \"bias_regularizer\": null, \"activity_regularizer\": null, \"kernel_constraint\": null, \"recurrent_constraint\": null, \"bias_constraint\": null, \"dropout\": 0,0, \"recurrent_dropout\": 0,0, \"implementation\": 1}}, {\"class_name\": \"Dense\", \"config\": {\"name\": \"dense_1\", \"trainable\": true, \"units\": 16, \"activation\": \"relu\", \"use_bias\": true, \"kernel_initializer\": {\"class_name\": \"VarianceScaling\", \"config\": {\"scale\": 1,0, \"mode\": \"fan_avg\", \"distribution\": \"uniform\", \"seed\": null}}, \"bias_initializer\": {\"class_name\": \"Zeros\", \"config\": {}}, \"kernel_regularizer\": null, \"bias_regularizer\": null, \"activity_regularizer\": null, \"kernel_constraint\": null, \"bias_constraint\": null}}, {\"class_name\": \"Dense\", \"config\": {\"name\": \"dense_2\", \"trainable\": true, \"units\": 16, \"activation\": \"relu\", \"use_bias\": true, \"kernel_initializer\": {\"class_name\": \"VarianceScaling\", \"config\": {\"scale\": 1,0, \"mode\": \"fan_avg\", \"distribution\": \"uniform\", \"seed\": null}}, \"bias_initializer\": {\"class_name\": \"Zeros\", \"config\": {}}, \"kernel_regularizer\": null, \"bias_regularizer\": null, \"activity_regularizer\": null, \"kernel_constraint\": null, \"bias_constraint\": null}}, {\"class_name\": \"Dense\", \"config\": {\"name\": \"dense_3\", \"trainable\": true, \"units\": 1, \"activation\": \"sigmoid\", \"use_bias\": true, \"kernel_initializer\": {\"class_name\": \"VarianceScaling\", \"config\": {\"scale\": 1,0, \"mode\": \"fan_avg\", \"distribution\": \"uniform\", \"seed\": null}}, \"bias_initializer\": {\"class_name\": \"Zeros\", \"config\": {}}, \"kernel_regularizer\": null, \"bias_regularizer\": null, \"activity_regularizer\": null, \"kernel_constraint\": null, \"bias_constraint\": null}}], \"keras_version\": \"2,1,5\", \"backend\": \"tensorflow\"}"
"LSTM";"LSTM";5000;32;5000;5;16;79,6875;77,2727272727273;82,258064516129;77,2215269086358;99,5696400625978;80,5946792048841;1,84609521447025;132,329202705706;2;"{\"class_name\": \"Sequential\", \"config\": [{\"class_name\": \"Embedding\", \"config\": {\"name\": \"embedding_1\", \"trainable\": true, \"batch_input_shape\": [null, null], \"dtype\": \"float32\", \"input_dim\": 5000, \"output_dim\": 32, \"embeddings_initializer\": {\"class_name\": \"RandomUniform\", \"config\": {\"minval\": -0,05, \"maxval\": 0,05, \"seed\": null}}, \"embeddings_regularizer\": null, \"activity_regularizer\": null, \"embeddings_constraint\": null, \"mask_zero\": false, \"input_length\": null}}, {\"class_name\": \"LSTM\", \"config\": {\"name\": \"lstm_1\", \"trainable\": true, \"return_sequences\": false, \"return_state\": false, \"go_backwards\": false, \"stateful\": false, \"unroll\": false, \"units\": 32, \"activation\": \"tanh\", \"recurrent_activation\": \"hard_sigmoid\", \"use_bias\": true, \"kernel_initializer\": {\"class_name\": \"VarianceScaling\", \"config\": {\"scale\": 1,0, \"mode\": \"fan_avg\", \"distribution\": \"uniform\", \"seed\": null}}, \"recurrent_initializer\": {\"class_name\": \"Orthogonal\", \"config\": {\"gain\": 1,0, \"seed\": null}}, \"bias_initializer\": {\"class_name\": \"Zeros\", \"config\": {}}, \"unit_forget_bias\": true, \"kernel_regularizer\": null, \"recurrent_regularizer\": null, \"bias_regularizer\": null, \"activity_regularizer\": null, \"kernel_constraint\": null, \"recurrent_constraint\": null, \"bias_constraint\": null, \"dropout\": 0,0, \"recurrent_dropout\": 0,0, \"implementation\": 1}}, {\"class_name\": \"Dense\", \"config\": {\"name\": \"dense_1\", \"trainable\": true, \"units\": 16, \"activation\": \"relu\", \"use_bias\": true, \"kernel_initializer\": {\"class_name\": \"VarianceScaling\", \"config\": {\"scale\": 1,0, \"mode\": \"fan_avg\", \"distribution\": \"uniform\", \"seed\": null}}, \"bias_initializer\": {\"class_name\": \"Zeros\", \"config\": {}}, \"kernel_regularizer\": null, \"bias_regularizer\": null, \"activity_regularizer\": null, \"kernel_constraint\": null, \"bias_constraint\": null}}, {\"class_name\": \"Dense\", \"config\": {\"name\": \"dense_2\", \"trainable\": true, \"units\": 16, \"activation\": \"relu\", \"use_bias\": true, \"kernel_initializer\": {\"class_name\": \"VarianceScaling\", \"config\": {\"scale\": 1,0, \"mode\": \"fan_avg\", \"distribution\": \"uniform\", \"seed\": null}}, \"bias_initializer\": {\"class_name\": \"Zeros\", \"config\": {}}, \"kernel_regularizer\": null, \"bias_regularizer\": null, \"activity_regularizer\": null, \"kernel_constraint\": null, \"bias_constraint\": null}}, {\"class_name\": \"Dense\", \"config\": {\"name\": \"dense_3\", \"trainable\": true, \"units\": 1, \"activation\": \"sigmoid\", \"use_bias\": true, \"kernel_initializer\": {\"class_name\": \"VarianceScaling\", \"config\": {\"scale\": 1,0, \"mode\": \"fan_avg\", \"distribution\": \"uniform\", \"seed\": null}}, \"bias_initializer\": {\"class_name\": \"Zeros\", \"config\": {}}, \"kernel_regularizer\": null, \"bias_regularizer\": null, \"activity_regularizer\": null, \"kernel_constraint\": null, \"bias_constraint\": null}}], \"keras_version\": \"2,1,5\", \"backend\": \"tensorflow\"}"
"LSTM";"LSTM";5000;32;5000;5;16;80,7339449541284;80,365296803653;81,1059907834101;78,973717146433;99,6478873239437;80,1251956274812;1,14878495858059;150,088357356419;3;"{\"class_name\": \"Sequential\", \"config\": [{\"class_name\": \"Embedding\", \"config\": {\"name\": \"embedding_1\", \"trainable\": true, \"batch_input_shape\": [null, null], \"dtype\": \"float32\", \"input_dim\": 5000, \"output_dim\": 32, \"embeddings_initializer\": {\"class_name\": \"RandomUniform\", \"config\": {\"minval\": -0,05, \"maxval\": 0,05, \"seed\": null}}, \"embeddings_regularizer\": null, \"activity_regularizer\": null, \"embeddings_constraint\": null, \"mask_zero\": false, \"input_length\": null}}, {\"class_name\": \"LSTM\", \"config\": {\"name\": \"lstm_1\", \"trainable\": true, \"return_sequences\": false, \"return_state\": false, \"go_backwards\": false, \"stateful\": false, \"unroll\": false, \"units\": 32, \"activation\": \"tanh\", \"recurrent_activation\": \"hard_sigmoid\", \"use_bias\": true, \"kernel_initializer\": {\"class_name\": \"VarianceScaling\", \"config\": {\"scale\": 1,0, \"mode\": \"fan_avg\", \"distribution\": \"uniform\", \"seed\": null}}, \"recurrent_initializer\": {\"class_name\": \"Orthogonal\", \"config\": {\"gain\": 1,0, \"seed\": null}}, \"bias_initializer\": {\"class_name\": \"Zeros\", \"config\": {}}, \"unit_forget_bias\": true, \"kernel_regularizer\": null, \"recurrent_regularizer\": null, \"bias_regularizer\": null, \"activity_regularizer\": null, \"kernel_constraint\": null, \"recurrent_constraint\": null, \"bias_constraint\": null, \"dropout\": 0,0, \"recurrent_dropout\": 0,0, \"implementation\": 1}}, {\"class_name\": \"Dense\", \"config\": {\"name\": \"dense_1\", \"trainable\": true, \"units\": 16, \"activation\": \"relu\", \"use_bias\": true, \"kernel_initializer\": {\"class_name\": \"VarianceScaling\", \"config\": {\"scale\": 1,0, \"mode\": \"fan_avg\", \"distribution\": \"uniform\", \"seed\": null}}, \"bias_initializer\": {\"class_name\": \"Zeros\", \"config\": {}}, \"kernel_regularizer\": null, \"bias_regularizer\": null, \"activity_regularizer\": null, \"kernel_constraint\": null, \"bias_constraint\": null}}, {\"class_name\": \"Dense\", \"config\": {\"name\": \"dense_2\", \"trainable\": true, \"units\": 16, \"activation\": \"relu\", \"use_bias\": true, \"kernel_initializer\": {\"class_name\": \"VarianceScaling\", \"config\": {\"scale\": 1,0, \"mode\": \"fan_avg\", \"distribution\": \"uniform\", \"seed\": null}}, \"bias_initializer\": {\"class_name\": \"Zeros\", \"config\": {}}, \"kernel_regularizer\": null, \"bias_regularizer\": null, \"activity_regularizer\": null, \"kernel_constraint\": null, \"bias_constraint\": null}}, {\"class_name\": \"Dense\", \"config\": {\"name\": \"dense_3\", \"trainable\": true, \"units\": 1, \"activation\": \"sigmoid\", \"use_bias\": true, \"kernel_initializer\": {\"class_name\": \"VarianceScaling\", \"config\": {\"scale\": 1,0, \"mode\": \"fan_avg\", \"distribution\": \"uniform\", \"seed\": null}}, \"bias_initializer\": {\"class_name\": \"Zeros\", \"config\": {}}, \"kernel_regularizer\": null, \"bias_regularizer\": null, \"activity_regularizer\": null, \"kernel_constraint\": null, \"bias_constraint\": null}}], \"keras_version\": \"2,1,5\", \"backend\": \"tensorflow\"}"
"LSTM";"LSTM";5000;32;5000;5;32;80,0441014332966;76,7441860465116;83,6405529953917;77,3466833541927;99,8043818466354;79,4992174154529;0,710260297550896;157,852353866858;1;"{\"class_name\": \"Sequential\", \"config\": [{\"class_name\": \"Embedding\", \"config\": {\"name\": \"embedding_1\", \"trainable\": true, \"batch_input_shape\": [null, null], \"dtype\": \"float32\", \"input_dim\": 5000, \"output_dim\": 32, \"embeddings_initializer\": {\"class_name\": \"RandomUniform\", \"config\": {\"minval\": -0,05, \"maxval\": 0,05, \"seed\": null}}, \"embeddings_regularizer\": null, \"activity_regularizer\": null, \"embeddings_constraint\": null, \"mask_zero\": false, \"input_length\": null}}, {\"class_name\": \"LSTM\", \"config\": {\"name\": \"lstm_1\", \"trainable\": true, \"return_sequences\": false, \"return_state\": false, \"go_backwards\": false, \"stateful\": false, \"unroll\": false, \"units\": 32, \"activation\": \"tanh\", \"recurrent_activation\": \"hard_sigmoid\", \"use_bias\": true, \"kernel_initializer\": {\"class_name\": \"VarianceScaling\", \"config\": {\"scale\": 1,0, \"mode\": \"fan_avg\", \"distribution\": \"uniform\", \"seed\": null}}, \"recurrent_initializer\": {\"class_name\": \"Orthogonal\", \"config\": {\"gain\": 1,0, \"seed\": null}}, \"bias_initializer\": {\"class_name\": \"Zeros\", \"config\": {}}, \"unit_forget_bias\": true, \"kernel_regularizer\": null, \"recurrent_regularizer\": null, \"bias_regularizer\": null, \"activity_regularizer\": null, \"kernel_constraint\": null, \"recurrent_constraint\": null, \"bias_constraint\": null, \"dropout\": 0,0, \"recurrent_dropout\": 0,0, \"implementation\": 1}}, {\"class_name\": \"Dense\", \"config\": {\"name\": \"dense_1\", \"trainable\": true, \"units\": 16, \"activation\": \"relu\", \"use_bias\": true, \"kernel_initializer\": {\"class_name\": \"VarianceScaling\", \"config\": {\"scale\": 1,0, \"mode\": \"fan_avg\", \"distribution\": \"uniform\", \"seed\": null}}, \"bias_initializer\": {\"class_name\": \"Zeros\", \"config\": {}}, \"kernel_regularizer\": null, \"bias_regularizer\": null, \"activity_regularizer\": null, \"kernel_constraint\": null, \"bias_constraint\": null}}, {\"class_name\": \"Dense\", \"config\": {\"name\": \"dense_2\", \"trainable\": true, \"units\": 16, \"activation\": \"relu\", \"use_bias\": true, \"kernel_initializer\": {\"class_name\": \"VarianceScaling\", \"config\": {\"scale\": 1,0, \"mode\": \"fan_avg\", \"distribution\": \"uniform\", \"seed\": null}}, \"bias_initializer\": {\"class_name\": \"Zeros\", \"config\": {}}, \"kernel_regularizer\": null, \"bias_regularizer\": null, \"activity_regularizer\": null, \"kernel_constraint\": null, \"bias_constraint\": null}}, {\"class_name\": \"Dense\", \"config\": {\"name\": \"dense_3\", \"trainable\": true, \"units\": 1, \"activation\": \"sigmoid\", \"use_bias\": true, \"kernel_initializer\": {\"class_name\": \"VarianceScaling\", \"config\": {\"scale\": 1,0, \"mode\": \"fan_avg\", \"distribution\": \"uniform\", \"seed\": null}}, \"bias_initializer\": {\"class_name\": \"Zeros\", \"config\": {}}, \"kernel_regularizer\": null, \"bias_regularizer\": null, \"activity_regularizer\": null, \"kernel_constraint\": null, \"bias_constraint\": null}}], \"keras_version\": \"2,1,5\", \"backend\": \"tensorflow\"}"
"LSTM";"LSTM";5000;32;5000;5;32;80,089485458613;77,8260869565217;82,4884792626728;77,7221526908636;99,8043818466354;79,4992174154529;0,608087262118604;165,36847474243;2;"{\"class_name\": \"Sequential\", \"config\": [{\"class_name\": \"Embedding\", \"config\": {\"name\": \"embedding_1\", \"trainable\": true, \"batch_input_shape\": [null, null], \"dtype\": \"float32\", \"input_dim\": 5000, \"output_dim\": 32, \"embeddings_initializer\": {\"class_name\": \"RandomUniform\", \"config\": {\"minval\": -0,05, \"maxval\": 0,05, \"seed\": null}}, \"embeddings_regularizer\": null, \"activity_regularizer\": null, \"embeddings_constraint\": null, \"mask_zero\": false, \"input_length\": null}}, {\"class_name\": \"LSTM\", \"config\": {\"name\": \"lstm_1\", \"trainable\": true, \"return_sequences\": false, \"return_state\": false, \"go_backwards\": false, \"stateful\": false, \"unroll\": false, \"units\": 32, \"activation\": \"tanh\", \"recurrent_activation\": \"hard_sigmoid\", \"use_bias\": true, \"kernel_initializer\": {\"class_name\": \"VarianceScaling\", \"config\": {\"scale\": 1,0, \"mode\": \"fan_avg\", \"distribution\": \"uniform\", \"seed\": null}}, \"recurrent_initializer\": {\"class_name\": \"Orthogonal\", \"config\": {\"gain\": 1,0, \"seed\": null}}, \"bias_initializer\": {\"class_name\": \"Zeros\", \"config\": {}}, \"unit_forget_bias\": true, \"kernel_regularizer\": null, \"recurrent_regularizer\": null, \"bias_regularizer\": null, \"activity_regularizer\": null, \"kernel_constraint\": null, \"recurrent_constraint\": null, \"bias_constraint\": null, \"dropout\": 0,0, \"recurrent_dropout\": 0,0, \"implementation\": 1}}, {\"class_name\": \"Dense\", \"config\": {\"name\": \"dense_1\", \"trainable\": true, \"units\": 16, \"activation\": \"relu\", \"use_bias\": true, \"kernel_initializer\": {\"class_name\": \"VarianceScaling\", \"config\": {\"scale\": 1,0, \"mode\": \"fan_avg\", \"distribution\": \"uniform\", \"seed\": null}}, \"bias_initializer\": {\"class_name\": \"Zeros\", \"config\": {}}, \"kernel_regularizer\": null, \"bias_regularizer\": null, \"activity_regularizer\": null, \"kernel_constraint\": null, \"bias_constraint\": null}}, {\"class_name\": \"Dense\", \"config\": {\"name\": \"dense_2\", \"trainable\": true, \"units\": 16, \"activation\": \"relu\", \"use_bias\": true, \"kernel_initializer\": {\"class_name\": \"VarianceScaling\", \"config\": {\"scale\": 1,0, \"mode\": \"fan_avg\", \"distribution\": \"uniform\", \"seed\": null}}, \"bias_initializer\": {\"class_name\": \"Zeros\", \"config\": {}}, \"kernel_regularizer\": null, \"bias_regularizer\": null, \"activity_regularizer\": null, \"kernel_constraint\": null, \"bias_constraint\": null}}, {\"class_name\": \"Dense\", \"config\": {\"name\": \"dense_3\", \"trainable\": true, \"units\": 1, \"activation\": \"sigmoid\", \"use_bias\": true, \"kernel_initializer\": {\"class_name\": \"VarianceScaling\", \"config\": {\"scale\": 1,0, \"mode\": \"fan_avg\", \"distribution\": \"uniform\", \"seed\": null}}, \"bias_initializer\": {\"class_name\": \"Zeros\", \"config\": {}}, \"kernel_regularizer\": null, \"bias_regularizer\": null, \"activity_regularizer\": null, \"kernel_constraint\": null, \"bias_constraint\": null}}], \"keras_version\": \"2,1,5\", \"backend\": \"tensorflow\"}"
"LSTM";"LSTM";5000;32;5000;5;32;79,7752808988764;77,8508771929825;81,7972350230415;77,4718397997497;99,8043818466354;79,6557119288168;0,70918571379582;175,544279114181;3;"{\"class_name\": \"Sequential\", \"config\": [{\"class_name\": \"Embedding\", \"config\": {\"name\": \"embedding_1\", \"trainable\": true, \"batch_input_shape\": [null, null], \"dtype\": \"float32\", \"input_dim\": 5000, \"output_dim\": 32, \"embeddings_initializer\": {\"class_name\": \"RandomUniform\", \"config\": {\"minval\": -0,05, \"maxval\": 0,05, \"seed\": null}}, \"embeddings_regularizer\": null, \"activity_regularizer\": null, \"embeddings_constraint\": null, \"mask_zero\": false, \"input_length\": null}}, {\"class_name\": \"LSTM\", \"config\": {\"name\": \"lstm_1\", \"trainable\": true, \"return_sequences\": false, \"return_state\": false, \"go_backwards\": false, \"stateful\": false, \"unroll\": false, \"units\": 32, \"activation\": \"tanh\", \"recurrent_activation\": \"hard_sigmoid\", \"use_bias\": true, \"kernel_initializer\": {\"class_name\": \"VarianceScaling\", \"config\": {\"scale\": 1,0, \"mode\": \"fan_avg\", \"distribution\": \"uniform\", \"seed\": null}}, \"recurrent_initializer\": {\"class_name\": \"Orthogonal\", \"config\": {\"gain\": 1,0, \"seed\": null}}, \"bias_initializer\": {\"class_name\": \"Zeros\", \"config\": {}}, \"unit_forget_bias\": true, \"kernel_regularizer\": null, \"recurrent_regularizer\": null, \"bias_regularizer\": null, \"activity_regularizer\": null, \"kernel_constraint\": null, \"recurrent_constraint\": null, \"bias_constraint\": null, \"dropout\": 0,0, \"recurrent_dropout\": 0,0, \"implementation\": 1}}, {\"class_name\": \"Dense\", \"config\": {\"name\": \"dense_1\", \"trainable\": true, \"units\": 16, \"activation\": \"relu\", \"use_bias\": true, \"kernel_initializer\": {\"class_name\": \"VarianceScaling\", \"config\": {\"scale\": 1,0, \"mode\": \"fan_avg\", \"distribution\": \"uniform\", \"seed\": null}}, \"bias_initializer\": {\"class_name\": \"Zeros\", \"config\": {}}, \"kernel_regularizer\": null, \"bias_regularizer\": null, \"activity_regularizer\": null, \"kernel_constraint\": null, \"bias_constraint\": null}}, {\"class_name\": \"Dense\", \"config\": {\"name\": \"dense_2\", \"trainable\": true, \"units\": 16, \"activation\": \"relu\", \"use_bias\": true, \"kernel_initializer\": {\"class_name\": \"VarianceScaling\", \"config\": {\"scale\": 1,0, \"mode\": \"fan_avg\", \"distribution\": \"uniform\", \"seed\": null}}, \"bias_initializer\": {\"class_name\": \"Zeros\", \"config\": {}}, \"kernel_regularizer\": null, \"bias_regularizer\": null, \"activity_regularizer\": null, \"kernel_constraint\": null, \"bias_constraint\": null}}, {\"class_name\": \"Dense\", \"config\": {\"name\": \"dense_3\", \"trainable\": true, \"units\": 1, \"activation\": \"sigmoid\", \"use_bias\": true, \"kernel_initializer\": {\"class_name\": \"VarianceScaling\", \"config\": {\"scale\": 1,0, \"mode\": \"fan_avg\", \"distribution\": \"uniform\", \"seed\": null}}, \"bias_initializer\": {\"class_name\": \"Zeros\", \"config\": {}}, \"kernel_regularizer\": null, \"bias_regularizer\": null, \"activity_regularizer\": null, \"kernel_constraint\": null, \"bias_constraint\": null}}], \"keras_version\": \"2,1,5\", \"backend\": \"tensorflow\"}"
"LSTM";"LSTM";5000;32;5000;5;64;79,1527313266444;76,6738660907127;81,7972350230415;76,5957446808511;99,8826291079812;79,1862286032645;0,396556614224453;181,914846158363;1;"{\"class_name\": \"Sequential\", \"config\": [{\"class_name\": \"Embedding\", \"config\": {\"name\": \"embedding_1\", \"trainable\": true, \"batch_input_shape\": [null, null], \"dtype\": \"float32\", \"input_dim\": 5000, \"output_dim\": 32, \"embeddings_initializer\": {\"class_name\": \"RandomUniform\", \"config\": {\"minval\": -0,05, \"maxval\": 0,05, \"seed\": null}}, \"embeddings_regularizer\": null, \"activity_regularizer\": null, \"embeddings_constraint\": null, \"mask_zero\": false, \"input_length\": null}}, {\"class_name\": \"LSTM\", \"config\": {\"name\": \"lstm_1\", \"trainable\": true, \"return_sequences\": false, \"return_state\": false, \"go_backwards\": false, \"stateful\": false, \"unroll\": false, \"units\": 32, \"activation\": \"tanh\", \"recurrent_activation\": \"hard_sigmoid\", \"use_bias\": true, \"kernel_initializer\": {\"class_name\": \"VarianceScaling\", \"config\": {\"scale\": 1,0, \"mode\": \"fan_avg\", \"distribution\": \"uniform\", \"seed\": null}}, \"recurrent_initializer\": {\"class_name\": \"Orthogonal\", \"config\": {\"gain\": 1,0, \"seed\": null}}, \"bias_initializer\": {\"class_name\": \"Zeros\", \"config\": {}}, \"unit_forget_bias\": true, \"kernel_regularizer\": null, \"recurrent_regularizer\": null, \"bias_regularizer\": null, \"activity_regularizer\": null, \"kernel_constraint\": null, \"recurrent_constraint\": null, \"bias_constraint\": null, \"dropout\": 0,0, \"recurrent_dropout\": 0,0, \"implementation\": 1}}, {\"class_name\": \"Dense\", \"config\": {\"name\": \"dense_1\", \"trainable\": true, \"units\": 16, \"activation\": \"relu\", \"use_bias\": true, \"kernel_initializer\": {\"class_name\": \"VarianceScaling\", \"config\": {\"scale\": 1,0, \"mode\": \"fan_avg\", \"distribution\": \"uniform\", \"seed\": null}}, \"bias_initializer\": {\"class_name\": \"Zeros\", \"config\": {}}, \"kernel_regularizer\": null, \"bias_regularizer\": null, \"activity_regularizer\": null, \"kernel_constraint\": null, \"bias_constraint\": null}}, {\"class_name\": \"Dense\", \"config\": {\"name\": \"dense_2\", \"trainable\": true, \"units\": 16, \"activation\": \"relu\", \"use_bias\": true, \"kernel_initializer\": {\"class_name\": \"VarianceScaling\", \"config\": {\"scale\": 1,0, \"mode\": \"fan_avg\", \"distribution\": \"uniform\", \"seed\": null}}, \"bias_initializer\": {\"class_name\": \"Zeros\", \"config\": {}}, \"kernel_regularizer\": null, \"bias_regularizer\": null, \"activity_regularizer\": null, \"kernel_constraint\": null, \"bias_constraint\": null}}, {\"class_name\": \"Dense\", \"config\": {\"name\": \"dense_3\", \"trainable\": true, \"units\": 1, \"activation\": \"sigmoid\", \"use_bias\": true, \"kernel_initializer\": {\"class_name\": \"VarianceScaling\", \"config\": {\"scale\": 1,0, \"mode\": \"fan_avg\", \"distribution\": \"uniform\", \"seed\": null}}, \"bias_initializer\": {\"class_name\": \"Zeros\", \"config\": {}}, \"kernel_regularizer\": null, \"bias_regularizer\": null, \"activity_regularizer\": null, \"kernel_constraint\": null, \"bias_constraint\": null}}], \"keras_version\": \"2,1,5\", \"backend\": \"tensorflow\"}"
"LSTM";"LSTM";5000;32;5000;5;64;78,8221970554927;77,5055679287305;80,184331797235;76,5957446808511;99,8826291079812;78,7167450351894;0,326150239132592;230,7213856021;2;"{\"class_name\": \"Sequential\", \"config\": [{\"class_name\": \"Embedding\", \"config\": {\"name\": \"embedding_1\", \"trainable\": true, \"batch_input_shape\": [null, null], \"dtype\": \"float32\", \"input_dim\": 5000, \"output_dim\": 32, \"embeddings_initializer\": {\"class_name\": \"RandomUniform\", \"config\": {\"minval\": -0,05, \"maxval\": 0,05, \"seed\": null}}, \"embeddings_regularizer\": null, \"activity_regularizer\": null, \"embeddings_constraint\": null, \"mask_zero\": false, \"input_length\": null}}, {\"class_name\": \"LSTM\", \"config\": {\"name\": \"lstm_1\", \"trainable\": true, \"return_sequences\": false, \"return_state\": false, \"go_backwards\": false, \"stateful\": false, \"unroll\": false, \"units\": 32, \"activation\": \"tanh\", \"recurrent_activation\": \"hard_sigmoid\", \"use_bias\": true, \"kernel_initializer\": {\"class_name\": \"VarianceScaling\", \"config\": {\"scale\": 1,0, \"mode\": \"fan_avg\", \"distribution\": \"uniform\", \"seed\": null}}, \"recurrent_initializer\": {\"class_name\": \"Orthogonal\", \"config\": {\"gain\": 1,0, \"seed\": null}}, \"bias_initializer\": {\"class_name\": \"Zeros\", \"config\": {}}, \"unit_forget_bias\": true, \"kernel_regularizer\": null, \"recurrent_regularizer\": null, \"bias_regularizer\": null, \"activity_regularizer\": null, \"kernel_constraint\": null, \"recurrent_constraint\": null, \"bias_constraint\": null, \"dropout\": 0,0, \"recurrent_dropout\": 0,0, \"implementation\": 1}}, {\"class_name\": \"Dense\", \"config\": {\"name\": \"dense_1\", \"trainable\": true, \"units\": 16, \"activation\": \"relu\", \"use_bias\": true, \"kernel_initializer\": {\"class_name\": \"VarianceScaling\", \"config\": {\"scale\": 1,0, \"mode\": \"fan_avg\", \"distribution\": \"uniform\", \"seed\": null}}, \"bias_initializer\": {\"class_name\": \"Zeros\", \"config\": {}}, \"kernel_regularizer\": null, \"bias_regularizer\": null, \"activity_regularizer\": null, \"kernel_constraint\": null, \"bias_constraint\": null}}, {\"class_name\": \"Dense\", \"config\": {\"name\": \"dense_2\", \"trainable\": true, \"units\": 16, \"activation\": \"relu\", \"use_bias\": true, \"kernel_initializer\": {\"class_name\": \"VarianceScaling\", \"config\": {\"scale\": 1,0, \"mode\": \"fan_avg\", \"distribution\": \"uniform\", \"seed\": null}}, \"bias_initializer\": {\"class_name\": \"Zeros\", \"config\": {}}, \"kernel_regularizer\": null, \"bias_regularizer\": null, \"activity_regularizer\": null, \"kernel_constraint\": null, \"bias_constraint\": null}}, {\"class_name\": \"Dense\", \"config\": {\"name\": \"dense_3\", \"trainable\": true, \"units\": 1, \"activation\": \"sigmoid\", \"use_bias\": true, \"kernel_initializer\": {\"class_name\": \"VarianceScaling\", \"config\": {\"scale\": 1,0, \"mode\": \"fan_avg\", \"distribution\": \"uniform\", \"seed\": null}}, \"bias_initializer\": {\"class_name\": \"Zeros\", \"config\": {}}, \"kernel_regularizer\": null, \"bias_regularizer\": null, \"activity_regularizer\": null, \"kernel_constraint\": null, \"bias_constraint\": null}}], \"keras_version\": \"2,1,5\", \"backend\": \"tensorflow\"}"
"LSTM";"LSTM";5000;32;5000;5;64;78,270509977827;75,4273504273504;81,3364055299539;75,4693366708385;99,9217527386541;79,0297340899006;0,255297289921982;233,93688843657;3;"{\"class_name\": \"Sequential\", \"config\": [{\"class_name\": \"Embedding\", \"config\": {\"name\": \"embedding_1\", \"trainable\": true, \"batch_input_shape\": [null, null], \"dtype\": \"float32\", \"input_dim\": 5000, \"output_dim\": 32, \"embeddings_initializer\": {\"class_name\": \"RandomUniform\", \"config\": {\"minval\": -0,05, \"maxval\": 0,05, \"seed\": null}}, \"embeddings_regularizer\": null, \"activity_regularizer\": null, \"embeddings_constraint\": null, \"mask_zero\": false, \"input_length\": null}}, {\"class_name\": \"LSTM\", \"config\": {\"name\": \"lstm_1\", \"trainable\": true, \"return_sequences\": false, \"return_state\": false, \"go_backwards\": false, \"stateful\": false, \"unroll\": false, \"units\": 32, \"activation\": \"tanh\", \"recurrent_activation\": \"hard_sigmoid\", \"use_bias\": true, \"kernel_initializer\": {\"class_name\": \"VarianceScaling\", \"config\": {\"scale\": 1,0, \"mode\": \"fan_avg\", \"distribution\": \"uniform\", \"seed\": null}}, \"recurrent_initializer\": {\"class_name\": \"Orthogonal\", \"config\": {\"gain\": 1,0, \"seed\": null}}, \"bias_initializer\": {\"class_name\": \"Zeros\", \"config\": {}}, \"unit_forget_bias\": true, \"kernel_regularizer\": null, \"recurrent_regularizer\": null, \"bias_regularizer\": null, \"activity_regularizer\": null, \"kernel_constraint\": null, \"recurrent_constraint\": null, \"bias_constraint\": null, \"dropout\": 0,0, \"recurrent_dropout\": 0,0, \"implementation\": 1}}, {\"class_name\": \"Dense\", \"config\": {\"name\": \"dense_1\", \"trainable\": true, \"units\": 16, \"activation\": \"relu\", \"use_bias\": true, \"kernel_initializer\": {\"class_name\": \"VarianceScaling\", \"config\": {\"scale\": 1,0, \"mode\": \"fan_avg\", \"distribution\": \"uniform\", \"seed\": null}}, \"bias_initializer\": {\"class_name\": \"Zeros\", \"config\": {}}, \"kernel_regularizer\": null, \"bias_regularizer\": null, \"activity_regularizer\": null, \"kernel_constraint\": null, \"bias_constraint\": null}}, {\"class_name\": \"Dense\", \"config\": {\"name\": \"dense_2\", \"trainable\": true, \"units\": 16, \"activation\": \"relu\", \"use_bias\": true, \"kernel_initializer\": {\"class_name\": \"VarianceScaling\", \"config\": {\"scale\": 1,0, \"mode\": \"fan_avg\", \"distribution\": \"uniform\", \"seed\": null}}, \"bias_initializer\": {\"class_name\": \"Zeros\", \"config\": {}}, \"kernel_regularizer\": null, \"bias_regularizer\": null, \"activity_regularizer\": null, \"kernel_constraint\": null, \"bias_constraint\": null}}, {\"class_name\": \"Dense\", \"config\": {\"name\": \"dense_3\", \"trainable\": true, \"units\": 1, \"activation\": \"sigmoid\", \"use_bias\": true, \"kernel_initializer\": {\"class_name\": \"VarianceScaling\", \"config\": {\"scale\": 1,0, \"mode\": \"fan_avg\", \"distribution\": \"uniform\", \"seed\": null}}, \"bias_initializer\": {\"class_name\": \"Zeros\", \"config\": {}}, \"kernel_regularizer\": null, \"bias_regularizer\": null, \"activity_regularizer\": null, \"kernel_constraint\": null, \"bias_constraint\": null}}], \"keras_version\": \"2,1,5\", \"backend\": \"tensorflow\"}"
"LSTM";"LSTM";5000;32;5000;7;16;78,9356984478936;76,0683760683761;82,0276497695853;76,2202753441802;99,7261345852895;78,7167449232558;1,57476281036661;247,825010729508;1;"{\"class_name\": \"Sequential\", \"config\": [{\"class_name\": \"Embedding\", \"config\": {\"name\": \"embedding_1\", \"trainable\": true, \"batch_input_shape\": [null, null], \"dtype\": \"float32\", \"input_dim\": 5000, \"output_dim\": 32, \"embeddings_initializer\": {\"class_name\": \"RandomUniform\", \"config\": {\"minval\": -0,05, \"maxval\": 0,05, \"seed\": null}}, \"embeddings_regularizer\": null, \"activity_regularizer\": null, \"embeddings_constraint\": null, \"mask_zero\": false, \"input_length\": null}}, {\"class_name\": \"LSTM\", \"config\": {\"name\": \"lstm_1\", \"trainable\": true, \"return_sequences\": false, \"return_state\": false, \"go_backwards\": false, \"stateful\": false, \"unroll\": false, \"units\": 32, \"activation\": \"tanh\", \"recurrent_activation\": \"hard_sigmoid\", \"use_bias\": true, \"kernel_initializer\": {\"class_name\": \"VarianceScaling\", \"config\": {\"scale\": 1,0, \"mode\": \"fan_avg\", \"distribution\": \"uniform\", \"seed\": null}}, \"recurrent_initializer\": {\"class_name\": \"Orthogonal\", \"config\": {\"gain\": 1,0, \"seed\": null}}, \"bias_initializer\": {\"class_name\": \"Zeros\", \"config\": {}}, \"unit_forget_bias\": true, \"kernel_regularizer\": null, \"recurrent_regularizer\": null, \"bias_regularizer\": null, \"activity_regularizer\": null, \"kernel_constraint\": null, \"recurrent_constraint\": null, \"bias_constraint\": null, \"dropout\": 0,0, \"recurrent_dropout\": 0,0, \"implementation\": 1}}, {\"class_name\": \"Dense\", \"config\": {\"name\": \"dense_1\", \"trainable\": true, \"units\": 16, \"activation\": \"relu\", \"use_bias\": true, \"kernel_initializer\": {\"class_name\": \"VarianceScaling\", \"config\": {\"scale\": 1,0, \"mode\": \"fan_avg\", \"distribution\": \"uniform\", \"seed\": null}}, \"bias_initializer\": {\"class_name\": \"Zeros\", \"config\": {}}, \"kernel_regularizer\": null, \"bias_regularizer\": null, \"activity_regularizer\": null, \"kernel_constraint\": null, \"bias_constraint\": null}}, {\"class_name\": \"Dense\", \"config\": {\"name\": \"dense_2\", \"trainable\": true, \"units\": 16, \"activation\": \"relu\", \"use_bias\": true, \"kernel_initializer\": {\"class_name\": \"VarianceScaling\", \"config\": {\"scale\": 1,0, \"mode\": \"fan_avg\", \"distribution\": \"uniform\", \"seed\": null}}, \"bias_initializer\": {\"class_name\": \"Zeros\", \"config\": {}}, \"kernel_regularizer\": null, \"bias_regularizer\": null, \"activity_regularizer\": null, \"kernel_constraint\": null, \"bias_constraint\": null}}, {\"class_name\": \"Dense\", \"config\": {\"name\": \"dense_3\", \"trainable\": true, \"units\": 1, \"activation\": \"sigmoid\", \"use_bias\": true, \"kernel_initializer\": {\"class_name\": \"VarianceScaling\", \"config\": {\"scale\": 1,0, \"mode\": \"fan_avg\", \"distribution\": \"uniform\", \"seed\": null}}, \"bias_initializer\": {\"class_name\": \"Zeros\", \"config\": {}}, \"kernel_regularizer\": null, \"bias_regularizer\": null, \"activity_regularizer\": null, \"kernel_constraint\": null, \"bias_constraint\": null}}], \"keras_version\": \"2,1,5\", \"backend\": \"tensorflow\"}"
"LSTM";"LSTM";5000;32;5000;7;16;79,5652173913044;75,3086419753086;84,331797235023;76,4705882352941;99,7652582159624;79,0297339686392;1,16809846872586;231,10941251119;2;"{\"class_name\": \"Sequential\", \"config\": [{\"class_name\": \"Embedding\", \"config\": {\"name\": \"embedding_1\", \"trainable\": true, \"batch_input_shape\": [null, null], \"dtype\": \"float32\", \"input_dim\": 5000, \"output_dim\": 32, \"embeddings_initializer\": {\"class_name\": \"RandomUniform\", \"config\": {\"minval\": -0,05, \"maxval\": 0,05, \"seed\": null}}, \"embeddings_regularizer\": null, \"activity_regularizer\": null, \"embeddings_constraint\": null, \"mask_zero\": false, \"input_length\": null}}, {\"class_name\": \"LSTM\", \"config\": {\"name\": \"lstm_1\", \"trainable\": true, \"return_sequences\": false, \"return_state\": false, \"go_backwards\": false, \"stateful\": false, \"unroll\": false, \"units\": 32, \"activation\": \"tanh\", \"recurrent_activation\": \"hard_sigmoid\", \"use_bias\": true, \"kernel_initializer\": {\"class_name\": \"VarianceScaling\", \"config\": {\"scale\": 1,0, \"mode\": \"fan_avg\", \"distribution\": \"uniform\", \"seed\": null}}, \"recurrent_initializer\": {\"class_name\": \"Orthogonal\", \"config\": {\"gain\": 1,0, \"seed\": null}}, \"bias_initializer\": {\"class_name\": \"Zeros\", \"config\": {}}, \"unit_forget_bias\": true, \"kernel_regularizer\": null, \"recurrent_regularizer\": null, \"bias_regularizer\": null, \"activity_regularizer\": null, \"kernel_constraint\": null, \"recurrent_constraint\": null, \"bias_constraint\": null, \"dropout\": 0,0, \"recurrent_dropout\": 0,0, \"implementation\": 1}}, {\"class_name\": \"Dense\", \"config\": {\"name\": \"dense_1\", \"trainable\": true, \"units\": 16, \"activation\": \"relu\", \"use_bias\": true, \"kernel_initializer\": {\"class_name\": \"VarianceScaling\", \"config\": {\"scale\": 1,0, \"mode\": \"fan_avg\", \"distribution\": \"uniform\", \"seed\": null}}, \"bias_initializer\": {\"class_name\": \"Zeros\", \"config\": {}}, \"kernel_regularizer\": null, \"bias_regularizer\": null, \"activity_regularizer\": null, \"kernel_constraint\": null, \"bias_constraint\": null}}, {\"class_name\": \"Dense\", \"config\": {\"name\": \"dense_2\", \"trainable\": true, \"units\": 16, \"activation\": \"relu\", \"use_bias\": true, \"kernel_initializer\": {\"class_name\": \"VarianceScaling\", \"config\": {\"scale\": 1,0, \"mode\": \"fan_avg\", \"distribution\": \"uniform\", \"seed\": null}}, \"bias_initializer\": {\"class_name\": \"Zeros\", \"config\": {}}, \"kernel_regularizer\": null, \"bias_regularizer\": null, \"activity_regularizer\": null, \"kernel_constraint\": null, \"bias_constraint\": null}}, {\"class_name\": \"Dense\", \"config\": {\"name\": \"dense_3\", \"trainable\": true, \"units\": 1, \"activation\": \"sigmoid\", \"use_bias\": true, \"kernel_initializer\": {\"class_name\": \"VarianceScaling\", \"config\": {\"scale\": 1,0, \"mode\": \"fan_avg\", \"distribution\": \"uniform\", \"seed\": null}}, \"bias_initializer\": {\"class_name\": \"Zeros\", \"config\": {}}, \"kernel_regularizer\": null, \"bias_regularizer\": null, \"activity_regularizer\": null, \"kernel_constraint\": null, \"bias_constraint\": null}}], \"keras_version\": \"2,1,5\", \"backend\": \"tensorflow\"}"
